,TitleId,TitleName
0,0,000 - Video: Side Plank Pulse - Core Library | Beginner | <1 min (Shorts)  
1,1,"001 - Video: Passionate, Feminine Dance"
2,2,002 - Video: Low Lunge - Yoga Library | Beginner | <1 min (Shorts)  
3,3,"003 - Text, Video: Understanding Macronutrients | Intermediate | 6-15 min  "
4,4,004 - Video: Wide Squat Pulse - Bodyweight Library | Beginner | <1 min (Shorts)  
5,5,005 - Benefits of meditation
6,6,006 - Video: Let's try Kettlebell training 3 | Intermediate | 6-15 min  
7,7,007 - Video: 15 min Yoga Flow for Beginners | Beginner | 6-15 min  
8,8,008 - Video/Recipe: Chocolate mousse & chia seeds | Beginner | 6-15 min  
9,9,009 - Video: Side Plank Hold - Core Library | Beginner | <1 min (Shorts)  
10,10,010 - Video: Core workout 3 | Beginner | 6-15 min  
11,11,011 - Video: Tai Chi for Beginners 3 | Beginner | 6-15 min  
12,12,012 - Video: High Plank Foot Tap - Core Library | Beginner | <1 min (Shorts)  
13,13,013 - Text: Hydration: Why It Matters | Beginner | <1 min (Shorts)  
14,14,014 - Video: Pranayama - Anuloma Viloma (without mudra) | Intermediate | 6-15 min  
15,15,015 - Audio: Embracing Positivity with Morning Affirmations | Beginner | 1-5 min  
16,16,016 - Video/Recipe: Food for fuel | Beginner | 6-15 min
19,18,"018 - Text, Video: An In-Depth Guide to Essential Nutrients | Intermediate | 6-15 min  "
20,19,019 - Video: Butterfly Pose | Beginner | <1 min (Shorts)  
21,20,020 - Audio: Relaxation - The Importance Of Sleep | Beginner | 1-5 min  
22,21,021 - Video: Kettlebell stretching for Muay Thai | Beginner | 1-5 min  
23,22,022 - Video: Whole body dumbbell workout - intermediate 2 | Intermediate | 6-15 min  
24,23,023 - Video/Recipe: Apple & cinnamon crumble |  6-15 min  
25,24,024 - Video: Yoga foundations - Finding balance | Intermediate | 15 - 30 min  
26,25,025 - Video/Recipe: Pan Fried Salmon | Beginner | 6-15 min  
27,26,026 - Video: Pranayama - Nadi Shodhana | Beginner | 6-15 min  
28,27,027 - Video: Cat and Cow - Yoga Library | Beginner | 6-15 min  
29,28,"028 - Audio, Text: Start Your Day with Positive Affirmations | Beginner | <1 min (Shorts)  "
30,29,029 - Audio: What does it mean to Meditate | Beginner | 1-5 min  
31,30,030 - Video: Meditation - Conditioning of the Mind | Beginner | 6-15 min  
32,31,031 - Video: Tricep Push Up - Bodyweight Library | Beginner | <1 min (Shorts)  
33,32,"032 - Audio, Text: Begin Your Day with Empowering Affirmations | Beginner | <1 min (Shorts)  "
34,35,035 - Video: Tai-Chi with Ross | Beginner | 6-15 min  
35,36,036 - Video: Breathing Techniques for Health - Thought Erasing | Beginner | 6-15 min  
36,37,037 - Video: Yoga foundations - Concentration | Beginner | 6-15 min  
37,39,"039 - Audio, Text: Positive Affirmations for Confidence | Beginner | <1 min (Shorts)  "
38,40,040 - Video: Legs Extension with Pelvis Off The floor - Core Library | Beginner | <1 min (Shorts)  
39,41,041 - Audio: Why you should keep your CORE strong | Beginner 
40,42,042 - Video: Yoga for Intermediate | Intermediate | 6-15 min  
41,43,043 - Video: Heel Touch - Core Library | Beginner | <1 min (Shorts)  
42,44,044 - Audio: Affirmations for Building Confidence | Beginner | 1-5 min  
43,45,045 - Video: High Plank - Core Library | Beginner | <1 min (Shorts)  
44,46,046 - Video: 20 min Bodyweight Beginners Workout | Intermediate | 15 - 30 min 
45,47,047 - Video: Bridge - Bodyweight Library | Beginner | <1 min (Shorts)  
46,48,048 - Video: Jumping Jack - Bodyweight Library | Beginner | <1 min (Shorts)  
47,50,050 - Video: Lunge Forward and Back - Bodyweight Library | Beginner | <1 min (Shorts)  
48,51,051 - Video: Dynamic Cardio | Intermediate | 6-15 min  
49,52,052 - Video: Leg Extension - Core Library | Beginner | <1 min (Shorts)  
50,54,054 - Video: Tricep Dips - Bodyweight Library | Beginner | <1 min (Shorts)  
51,55,055 - Video: Let's try Kettlebell training 2 | Intermediate | 6-15 min  
52,56,"056 - Text, Video: Mastering the Art of Nutritious Meal Planning | Intermediate | 15 - 30 min  "
53,58,"058 - Text, Video: Plant-Based Diet Basics | Beginner | 1-5 min  "
54,60,060 - Video: Dancer Pose | Beginner | <1 min (Shorts)  
55,61,061 - Audio: Cultivating Positivity with Daily Affirmations | Beginner | 1-5 min  
56,62,062 - Video: Wide Squat - Bodyweight Library | Beginner | <1 min (Shorts)  
57,63,063 - Video: Yoga - The Sun Salutation | Beginner | 6-15 min  
58,64,064 - Video: Pranayama | Intermediate | 6-15 min  
59,65,065 - 4-7-8 breathing
60,66,066 - Video: Big Toe PosePadangusthasana | Beginner | <1 min (Shorts)
62,67,067 - Video: Feminine Energy. Spain
63,68,068 - Video: Standing Twist - Core Library | Beginner | <1 min (Shorts)  
64,69,"069 - Text, Video: Quick and Healthy Plant-Based Meal Inspirations | Beginner | 6-15 min  "
65,70,070 - Video: Warrior 3/Virabhadrasana III | Beginner | <1 min (Shorts)  
66,71,"071 - Audio, Text: Kickstart Your Day with Motivational Affirmations | Beginner | <1 min (Shorts)  "
67,72,072 - Audio: Building Self-Esteem with Positive Affirmations | Beginner | 1-5 min  
68,74,074 - Video: Squat Knee - Bodyweight Library | Beginner | <1 min (Shorts)  
69,75,075 - Video: March - Bodyweight Library | Beginner | <1 min (Shorts)  
70,76,076 - Audio: Affirmations for Cultivating Self-Love | Beginner | 1-5 min  
71,77,"077 - Audio, Text: Kickstart Your Day with Motivational Affirmations | Beginner | <1 min (Shorts)  "
72,78,"078 - Text, Video: Unraveling the Health Benefits of Plant-Based Proteins | Beginner | 1-5 min  "
73,79,079 - Video: Childs Pose - Yoga Library | Beginner | <1 min (Shorts)  
74,80,080 - Video: Side Lunge - Bodyweight Library | Beginner | <1 min (Shorts)  
75,82,082 - Video: Romantic Rumba
76,83,083 - Video: Pranayama - Yogic Breath | Intermediate | 6-15 min  
77,84,084 - Video: Seated forward Fold Pose | Beginner | <1 min (Shorts)  
78,85,085 - Audio: Affirmations for Self-Esteem | Beginner | 1-5 min  
79,86,086 - Video: Relaxation - Science of Breath | Beginner | 6-15 min  
80,87,087 - Video: Straight Leg Crunch - Core Library | Beginner | <1 min (Shorts)  
81,88,088 - Video: Jab Cross - Bodyweight Library | Beginner | <1 min (Shorts)  
82,89,"089 - Text, Video: The Role of Hydration in Maintaining Health | Beginner | 1-5 min  "
83,90,090 - Video: Seated Yoga Flow | Beginner | 1-5 min  
84,91,"091 - Text, Video: Understanding Plant-Based Proteins | Beginner | 1-5 min  "
85,92,092 - Video/Recipe: Overnight Oats | Beginner | 6-15 min 
88,94,094 - Video: 16 Tai Chi Poses Library | Beginner | 6-15 min  
89,95,095 - Video: Lying Twist - Yoga Library | Beginner | <1 min (Shorts)  
90,96,096 - Video: Shoulder Tap - Core Library | Beginner | <1 min (Shorts)  
91,97,097 - Video: Yoga for Beginners With Klaudia | Beginner | 6-15 min  
92,98,098 - Video: Core Office Workout | Beginner | 1-5 min 
93,99,099 - Video: Muay Thai Trainings with people | Beginner | 6-15 min  
94,100,100 - Video: Emotional Release - Humming Bee Breath | Intermediate | 6-15 min  
95,101,101 - Video: Jumping Jack Easy - Bodyweight Library | Beginner | <1 min (Shorts)  
96,102,102 - Audio: Fostering Positivity with Daily Affirmations | Beginner | 1-5 min  
97,103,103 - Video: Hindu Squat/Utkata Konasana | Beginner | <1 min (Shorts)  
98,104,"104 - Text, Video: Healthy Meal Prep Guide | Intermediate | 15 - 30 min  "
99,107,"107 - Text, Video: Demystifying the Benefits of Plant-Based Proteins | Beginner | 1-5 min  "
100,109,109 - Video: Pranayama - Sama Vritti | Beginner | 6-15 min  
101,110,110 - Video: High Rope - Bodyweight Library | Beginner | <1 min (Shorts)  
102,111,111 - Video: Pranayama - Thoracic Breathing | Beginner | 6-15 min  
103,112,112 - Video: Bodyweight Workout Advantages & Benefits
104,114,114 - Video: Tai Chi for Beginners 1 | Beginner | 6-15 min  
105,116,116 - Video: Sun Warrior Pose | Beginner | <1 min (Shorts)  
106,117,117 - Video: Wide - Legged Standing Forward Bend | Beginner | <1 min (Shorts)  
107,118,118 - Video: Hooks - Bodyweight Library | Beginner | <1 min (Shorts)  
108,119,119 - Video: 20 min Yoga Flow for Beginners - Ola teaches Ross | Beginner | 6-15 min  
109,120,120 - Benefits of breathing practices
110,121,"121 - Audio, Text: Positive Affirmations for Self-Love | Beginner | 1-5 min  "
111,122,122 - Video: Eagle Pose/Garudasana | Beginner | <1 min (Shorts)  
112,123,"123 - Text, Video: Exploring the Art of Healthy Meal Preparation | Intermediate | 15 - 30 min  "
113,124,124 - Video: 25 min Yoga Flow for Beginners - Ola teaches Magda | Beginner | 6-15 min  
114,126,126 - Video: Energetic Salsa
115,127,127 - Video: What is Yoga Nidra | Beginner | 1-5 min  
116,128,128 - Video: Cuban Cha Cha Cha
117,129,129 - Video:  Boat Pose | Beginner | <1 min (Shorts)  
118,130,130 - Video: Let's try Kettlebell training 1 | Intermediate | 6-15 min  
120,131,131 - Video: Pranayama - Surya Bhedi | Beginner | 6-15 min  
121,132,132 - Video: Body Awareness
122,133,133 - Video: Intro to Thai Stretching | Beginner | <1 min (Shorts)  
123,134,134 - Video: Self Massage for recovery | Beginner | 1-5 min  
124,135,135 - Video/Recipe: Vegan Meringue | Beginner | 6-15 min  
125,136,136 - Video: Low Step - Bodyweight Library | Beginner | <1 min (Shorts)  
126,138,"138 - Audio, Text: Morning Motivation Affirmations | Beginner | <1 min (Shorts)  "
127,139,139 - Video: Triangle Pose/Trikonasana | Beginner | <1 min (Shorts)  
128,140,140 - Audio: Boosting Positivity with Daily Affirmations | Beginner | 1-5 min  
129,141,141 - Video: Lunge - Bodyweight Library | Beginner | <1 min (Shorts)  
130,142,"142 - Text, Video: A Comprehensive Guide to Nutritional Balance | Intermediate | 6-15 min  "
131,143,"143 - Text, Video: Healthy Green Smoothie Recipe | Beginner | <1 min (Shorts)  "
132,144,"144 - Audio, Text: Start Your Morning Right with Positive Affirmations | Beginner | <1 min (Shorts)  "
133,145,145 - Video: Muay Thai Training For Beginners | Beginner | 6-15 min  
134,146,146 - Video: Down Dog - Yoga Library | Beginner | <1 min (Shorts)  
135,147,147 - Video: Standing Crunch - Core Library | Beginner | <1 min (Shorts)  
136,148,148 - Video: Yoga for Concentration | Intermediate | 15 - 30 min  
137,149,149 - Video: Mountain Pose | Beginner | <1 min (Shorts) 
138,150,150 - Video: High Plank To Side Plank - Core Library | Beginner | <1 min (Shorts)  
139,151,151 - Video: Half Moon Pose/Ardha Chandrasana | Beginner | <1 min (Shorts)  
140,154,154 - Video: Full Crunch - Core Library | Beginner | <1 min (Shorts)  
141,155,"155 - Audio, Text: Start Your Day with Uplifting Affirmations | Beginner | <1 min (Shorts)  "
142,156,156 - Video: HIIT  - High Intensity Interval Training workout 1 | Beginner | 6-15 min  
143,157,157 - Video: Stand and Tilt - Core Library | Beginner | <1 min (Shorts)  
144,158,158 - Video: Muay Thai Introduction | Beginner | <1 min (Shorts)  Muay Thai
145,159,159 - Video: Centipede - Bodyweight Library | Beginner | <1 min (Shorts)  
146,161,161 - Video: Yoga foundations - Non-attachment | Beginner | 6-15 min  
147,162,162 - Video: Warrior 1 Pose/Virabhadrasana  | Beginner | <1 min (Shorts)  
148,163,163 - Video: Workout with Resistance Bands for Beginners | Beginner | 6-15 min  
149,164,164 - Gratitude meditation
150,165,165 - Video: HIIT  - High Intensity Interval Training workout 3 | Intermediate | 6-15 min  
151,166,166 - Video/Recipe: Input vs output | Beginner | 6-15 min  
152,167,167 - Audio: Relaxation - Journaling | Beginner | 6-15 min  
153,168,"168 - Text, Video: Hydrating Smoothie Recipe | Beginner | <1 min (Shorts)  "
154,169,169 - Video: Relaxation - Connecting Body and Mind | Intermediate | 15 - 30 min  
155,170,170 - Video: Desk Stretches Workout | Beginner | 1-5 min 
156,171,"171 - Text, Video: Exploring the Art of Paleo Cooking | Intermediate | 15 - 30 min  "
157,172,172 - Video: Shoulder Press - Bodyweight Library | Beginner | <1 min (Shorts)  
158,173,173 - Video: Kale Smoothie | Beginner | 1-5 min  
159,174,174 - Video: Low Lunge with a Twist - Yoga Library | Beginner | <1 min (Shorts)  
160,175,175 - Video: Push Up - Bodyweight Library | Beginner | <1 min (Shorts)  
161,177,177 - Video: High Plank Hand Tap - Core Library | Beginner | <1 min (Shorts)  
162,178,178 - Video: Opposite Hand to Knee - Core Library | Beginner | <1 min (Shorts)  
163,179,179 - Video: Pranayama - Clavicular Breathing | Beginner | 6-15 min  
164,180,180 - Video: Core workout 2 | Intermediate | 6-15 min
165,181,181 - Video: Developing Body Flexibility. Free and Flexible Body
166,182,"182 - Text, Video: The Benefits of Plant-Based Proteins Explained | Beginner | 1-5 min  "
167,183,183 - Video: HIIT- High Intensity Interval Training  workout 2 | Intermediate | 6-15 min  
168,184,184 - Video: Knee Up - Bodyweight Library | Beginner | <1 min (Shorts)  
169,185,185 - Video: 31 Yoga Poses Library | Beginner | 6-15 min 
171,186,186 - Video: Meditation - Exercises for Sitting Comfortably | Beginner | 6-15 min  
172,187,187 - Box breathing
173,188,188 - Audio: Empowerment through Self-Love Affirmations | Beginner | 1-5 min  
174,189,189 - Video: How Yoga can support your Wellness Journey | Beginner | 1-5 min  
175,190,190 - Video: Breathing Techniques for Health -  Grounding Breath | Beginner | 6-15 min  
176,191,191 - Video: Tree Pose/Vrikshasana | Beginner | <1 min (Shorts)  
177,192,192 - Video: Feminine Dance
178,194,194 - Audio: Body Positivity Affirmations | Beginner | 1-5 min  
179,195,195 - Audio: 15 min Beginners Core Workout | Beginner 
180,196,196 - Loving-kindness meditation
181,197,197 - Video: Shake Out Your Stress. Getting Rid of Extra Calories
182,198,198 - Audio: Why is releasing your emotions a good thing? | Beginner | 6-15 min  
183,199,199 - Video: Breathing Techniques for Health - Twisting Breath | Beginner | 6-15 min  
184,200,200 - Nature meditation
185,201,201 - Video: Half Lotus with Side Bend - Yoga Library | Beginner | <1 min (Shorts)  
186,202,202 - Video: Breathing Techniques for Health - Breathing into Emotion | Beginner | 6-15 min  
187,203,203 - Video: Yoga foundations - Relaxation by Julie | Intermediate | 15 - 30 min  
188,206,"206 - Text, Video: Understanding Micronutrients | Intermediate | 6-15 min  "
189,207,207 - Video: Pranayama - Anuloma Viloma | Intermediate | 6-15 min  
190,208,208 - Video: Meditation - In Three Minds | Beginner | 6-15 min  
191,209,209 - Video: Crunch with AMS - Core Library | Beginner | <1 min (Shorts)  
192,210,210 - Video: Deadlift - Bodyweight Library | Beginner | <1 min (Shorts)  
193,211,"211 - Video/Recipe: Turkey, Red Kidney Bean and Mediterranean Stew | Beginner | 6-15 min  "
194,212,212 - Video: Yoga - The Moon Salutation | Beginner | 6-15 min  
195,213,213 - 7 count breath
196,214,"214 - Audio, Text: Positive Affirmations for the Morning | Beginner | <1 min (Shorts)  "
197,216,216 - Video: Legs Extension Legs Up Crunch - Core Library | Beginner | <1 min (Shorts)  
198,217,217 - Video: Breathing Techniques for Health - How breathing can improve your wellness | Intermediate | 6-15 min  
199,218,218 - Body scanning meditation
200,219,219 - Video: High Plank Walking Fand - Core Library | Beginner | <1 min (Shorts)  
201,220,220 - Video: Wide Squat Hold - Bodyweight Library | Beginner | <1 min (Shorts)  
202,221,221 - What is meditation
203,222,222 - Video: Yoga for Energy | Intermediate | 15 - 30 min  
204,224,224 - Video: Knees Up Toe Tap - Core Library | Beginner | <1 min (Shorts)  
205,225,225 - Video: Emotional release lions breath | Intermediate | 6-15 min  
206,226,226 - Video: Walking Meditation | Intermediate | 1-5 min  
207,228,228 - Video: Relaxation - The Art of Relaxation | Beginner | 6-15 min  
208,229,229 - Video: Forward Fold | Beginner | <1 min (Shorts)
210,230,230 - Video: Pranayama - Bhastrika | Beginner | 6-15 min  
211,231,231 - Video: What it is and how to use Bodyweight Exercises Library | Beginner | <1 min (Shorts)  
212,232,232 - Video: 18 Thai Stretching Poses Library | Beginner | 1-5 min  
213,233,233 - Video: Tai Chi Introduction | Beginner | <1 min (Shorts)  
214,234,234 - Video: Whole body dumbbell workout - intermediate 1 | Intermediate | 6-15 min  
215,235,235 - Video: Yoga for Cyclists by Julie | Beginner | 6-15 min  
216,236,236 - Video: How to use Core Exercises Library | Beginner | 1-5 min  
217,237,237 - Video: Yoga for Grumpy Knees | Beginner | 6-15 min  
218,238,"238 - Text, Video: Hydration Tips and Tricks | Beginner | 1-5 min "
220,239,239 - Video: Shoulder blade Lift - Core Library | Beginner | <1 min (Shorts)  
221,240,240 - Audio: Affirmations for Embracing Self-Love | Beginner | 1-5 min  
223,241,241 - Video: High Plank Walking to Side - Core Library | Beginner | <1 min (Shorts)  
224,242,242 - Audio: Self-Love Affirmations | Beginner | 1-5 min  
226,243,"243 - Text, Video: A Comprehensive Guide to Nutritional Basics | Intermediate | 6-15 min  "
227,244,244 - Video: Basic Squat - Bodyweight Library | Beginner | <1 min (Shorts)  
228,245,245 - Video: Pranayama - Ujjayi (Victorious) Breath | Beginner | 6-15 min  
229,246,"246 - Audio, Text: Start Your Day Right with Positive Affirmations | Beginner | <1 min (Shorts)  "
230,247,"247 - Text, Video: Guide to Balanced Meals | Intermediate | 15 - 30 min  "
231,248,248 - Video: Courtesy - Bodyweight Library | Beginner | <1 min (Shorts)  
232,249,249 - Audio: Affirmations for Boosting Self-Confidence | Beginner | 1-5 min  
233,250,250 - Video: High Plank Knee to Chest - Core Library | Beginner | <1 min (Shorts)  
234,251,251 - Video: Pigeon/Swan pose/Eka Pada Rajakapotasana | Beginner | <1 min (Shorts)  
235,252,252 - Video: Feminine Sensuality
236,253,"253 - Text, Video: Understanding the Power of Plant-Based Proteins | Beginner | 1-5 min  "
237,254,"254 - Audio, Text: Begin Your Day with Empowering Affirmations | Beginner | <1 min (Shorts)  "
238,255,255 - Video: Family Friendly Yoga with Kids | Beginner | 6-15 min  
239,256,256 - Video: Core workout 1 | Intermediate | 6-15 min  
240,257,"257 - Text, Video: Plant-Based Meal Ideas | Beginner | 6-15 min "
242,258,258 - Video: Half Lotus - Yoga Library | Beginner | <1 min (Shorts)  
243,259,259 - Video: 12 Muay Thai Poses | Beginner | 1-5 min  Muay Thai
245,260,260 - Video: Confidence Starts with Proper Silhouette/Posture
246,261,261 - Video: Breathing Techniques For Health - Loving Breath | Beginner | 6-15 min  
247,262,262 - Video: Yoga for The Lower Back | Beginner | 6-15 min  
248,264,264 - Video: Chair Pose | Beginner | <1 min (Shorts)  
249,265,265 - Video: Legs Extension Crunch - Core Library | Beginner | <1 min (Shorts)  
250,266,266 - Video: Shoulder Stand Pose | Beginner | <1 min (Shorts)  
251,267,267 - Video: Thai Stretching Class 3 14-19 | Intermediate | 15 - 30 min  
252,268,"268 - Text, Video: Understanding Vitamins and Minerals | Intermediate | 6-15 min  "
253,269,269 - Mindfulness meditation
254,270,270 - Video: Conclusion and Summary of the First Part of the Course
255,271,"271 - Audio, Text: Kickstart Your Day with Motivational Affirmations | Beginner | <1 min (Shorts)  "
256,272,272 - Video: Lunge Knee to Chest - Bodyweight Library | Beginner | <1 min (Shorts)  
257,273,273 - Video: Meditation - Poses for Sitting Comfortably | Beginner | 6-15 min  
258,274,274 - Video: Warrior 2/Virabhadrasana II | Beginner | <1 min (Shorts)  
259,276,276 - Video: Pranayama - Yogic practice of focusing on breath | Intermediate | 6-15 min  
260,278,278 - Video: Thai Stretching Class 1 1-7 | Intermediate | 15 - 30 min  
261,279,279 - Video: Body Coordination - Extraordinary Rhythm
262,280,280 - Video: Loctus/Salabhasana pose | Beginner | <1 min (Shorts)  
263,282,282 - Video: Yoga for Becoming Advanced | Advanced | 6-15 min  
264,283,283 - Breath work meditation
265,284,284 - Video: Breathing Techniques for Health - Heat Sensations of the Breath | Beginner | 6-15 min  
266,285,285 - Video: Emotional Release - Abdominal Breath | Intermediate | 6-15 min  
267,287,287 - Video/Recipe: Breaking down a Balanced diet | 6-15 min  
268,288,288 - Video: 15 min Bodyweight Beginners Workout | Intermediate | 6-15 min  
269,289,289 - Video: Relaxation - Body Awareness | Beginner | 6-15 min  
270,290,290 - Video: Upper Cut - Bodyweight Library | Beginner | <1 min (Shorts)  
271,291,"291 - Audio, Text: Affirmations for a Positive Morning | Beginner | <1 min (Shorts)  "